{
  "candidate": "qwen3-1.7b",
  "timestamp": "v125-improved-20260408-021201",
  "n_cases": 10,
  "composite_mean": 0.998396922746408,
  "composite_ci_low": 0.9951907682392237,
  "composite_ci_high": 1.0,
  "category_success_mean": 1.0,
  "ttlt_p50_ms": 84.34200286865234,
  "ttlt_p95_ms": 109.61198806762695,
  "ttlt_p99_ms": 109.61198806762695,
  "by_category": [
    {
      "category": "identity_clean",
      "n": 10,
      "category_success": 1.0,
      "composite": 0.998396922746408
    }
  ],
  "disqualifications": []
}