{
  "candidate": "harper",
  "timestamp": "self-correction-20260408-192832",
  "n_cases": 50,
  "composite_mean": 0.21947222222222218,
  "composite_ci_low": 0.2157222222222222,
  "composite_ci_high": 0.2222222222222222,
  "category_success_mean": 0.0,
  "ttlt_p50_ms": 452.3215999997774,
  "ttlt_p95_ms": 480.1892000004955,
  "ttlt_p99_ms": 482.0337000001018,
  "by_category": [
    {
      "category": "cross_sentence_self_correction",
      "n": 10,
      "category_success": 0.0,
      "composite": 0.22222222222222224
    },
    {
      "category": "explicit_self_correction",
      "n": 25,
      "category_success": 0.0,
      "composite": 0.21805555555555553
    },
    {
      "category": "implicit_self_correction",
      "n": 15,
      "category_success": 0.0,
      "composite": 0.22
    }
  ],
  "disqualifications": [
    "hallucinator: WRR<0.85 on 3/50 (6.0%)",
    "changes-meaning: self-correction failures on 50/50 (100.0%)"
  ]
}