{
  "candidate": "coedit-large",
  "timestamp": "coedit-fix-grammar-20260408-175808",
  "n_cases": 3,
  "composite_mean": 0.8333333333333334,
  "composite_ci_low": 0.8333333333333334,
  "composite_ci_high": 0.8333333333333334,
  "category_success_mean": 1.0,
  "ttlt_p50_ms": 261.5070343017578,
  "ttlt_p95_ms": 975.5127429962158,
  "ttlt_p99_ms": 975.5127429962158,
  "by_category": [
    {
      "category": "identity_clean",
      "n": 3,
      "category_success": 1.0,
      "composite": 0.8333333333333334
    }
  ],
  "disqualifications": []
}