{
  "candidate": "qwen3-0.6b",
  "timestamp": "20260408-013108",
  "n_cases": 60,
  "composite_mean": 0.8695643943696948,
  "composite_ci_low": 0.8061759639379258,
  "composite_ci_high": 0.9278641285255897,
  "category_success_mean": 0.8166666666666667,
  "ttlt_p50_ms": 47.53875732421875,
  "ttlt_p95_ms": 66.96677207946777,
  "ttlt_p99_ms": 1341.5396213531494,
  "by_category": [
    {
      "category": "identity_clean",
      "n": 30,
      "category_success": 0.9666666666666667,
      "composite": 0.9787634674011083
    },
    {
      "category": "short_input",
      "n": 15,
      "category_success": 1.0,
      "composite": 1.0
    },
    {
      "category": "single_filler",
      "n": 15,
      "category_success": 0.3333333333333333,
      "composite": 0.5207306426765629
    }
  ],
  "disqualifications": []
}